{
    "currentFrameRate": 43.966061,
    "devices": [],
    "hands": [{
        "armBasis": [
            [-0.811785,
                0.13811,
                0.56739
            ],
            [
                0.376779,
                0.866202,
                0.328226
            ],
            [
                0.446143, -0.48023,
                0.755206
            ]
        ],
        "armWidth": 57.475506,
        "confidence": 0.853488,
        "direction": [-0.359367,
            0.860421, -0.361292
        ],
        "elbow": [
            200.284531, -44.204121,
            246.587082
        ],
        "grabAngle": 0.95854,
        "grabStrength": 0.213137,
        "id": 23,
        "palmNormal": [-0.635303, -0.509157, -0.580645],
        "palmPosition": [
            66.350929,
            128.489441,
            23.41243
        ],
        "palmVelocity": [
            0.218565, -2.587374, -0.149469
        ],
        "palmWidth": 83.212059,
        "pinchDistance": 67.986397,
        "pinchStrength": 0,
        "timeVisible": 2.935123,
        "type": "left",
        "wrist": [
            90.122871,
            74.374222,
            60.11161
        ]
    }],
    "id": 3487,
    "pointables": [{
            "bases": [
                [
                    [
                        0.223048,
                        0.631696,
                        0.742435
                    ],
                    [
                        0.974484, -0.124882, -0.186507
                    ],
                    [
                        0.025099, -0.765091,
                        0.643432
                    ]
                ],
                [
                    [
                        0.262289,
                        0.828961,
                        0.493993
                    ],
                    [
                        0.928444, -0.356329,
                        0.104985
                    ],
                    [-0.263052, -0.431108,
                        0.863105
                    ]
                ],
                [
                    [
                        0.264091,
                        0.838095,
                        0.477339
                    ],
                    [
                        0.961416, -0.189219, -0.199686
                    ],
                    [
                        0.077035, -0.511657,
                        0.855729
                    ]
                ],
                [
                    [
                        0.252284,
                        0.855346,
                        0.452478
                    ],
                    [
                        0.745379,
                        0.126407, -0.654547
                    ],
                    [
                        0.61706, -0.502399,
                        0.605666
                    ]
                ]
            ],
            "btipPosition": [
                92.680008,
                124.404182, -50.108891
            ],
            "carpPosition": [
                93.228401,
                81.341835,
                24.482777
            ],
            "dipPosition": [
                102.651306,
                116.285736, -40.321712
            ],
            "direction": [-0.077035,
                0.511657, -0.855729
            ],
            "extended": true,
            "handId": 23,
            "id": 230,
            "length": 46.72971,
            "mcpPosition": [
                93.228401,
                81.341835,
                24.482777
            ],
            "pipPosition": [
                105.006279,
                100.644203, -14.161763
            ],
            "timeVisible": 2.935123,
            "tipPosition": [
                92.680008,
                124.404182, -50.108891
            ],
            "type": 0,
            "width": 18.154234
        },
        {
            "bases": [
                [
                    [-0.734188,
                        0.165035,
                        0.658583
                    ],
                    [
                        0.592748,
                        0.628827,
                        0.503216
                    ],
                    [
                        0.331087, -0.759829,
                        0.559502
                    ]
                ],
                [
                    [-0.76941,
                        0.243691,
                        0.590442
                    ],
                    [
                        0.559444,
                        0.703198,
                        0.438787
                    ],
                    [
                        0.308269, -0.667927,
                        0.67738
                    ]
                ],
                [
                    [-0.765715,
                        0.24014,
                        0.596669
                    ],
                    [
                        0.297784,
                        0.954631, -0.002057
                    ],
                    [
                        0.570093, -0.176103,
                        0.802485
                    ]
                ],
                [
                    [-0.762158,
                        0.240251,
                        0.601161
                    ],
                    [
                        0.047345,
                        0.946788, -0.318355
                    ],
                    [
                        0.645658,
                        0.214175,
                        0.732977
                    ]
                ]
            ],
            "btipPosition": [
                43.90926,
                175.512817, -51.583511
            ],
            "carpPosition": [
                97.998459,
                97.391602,
                38.141056
            ],
            "dipPosition": [
                51.515511,
                178.035934, -42.948586
            ],
            "direction": [-0.570093,
                0.176103, -0.802485
            ],
            "extended": true,
            "handId": 23,
            "id": 231,
            "length": 52.674435,
            "mcpPosition": [
                75.722694,
                148.513458,
                0.497341
            ],
            "pipPosition": [
                63.856586,
                174.22374, -25.576811
            ],
            "timeVisible": 2.935123,
            "tipPosition": [
                43.90926,
                175.512817, -51.583511
            ],
            "type": 1,