{"data":{"inputMin":[-30.636600494384766,-30.636600494384766,-30.636600494384766,-30.636600494384766,-30.636600494384766,-30.636600494384766,-30.636600494384766,-30.636600494384766,-30.636600494384766,-30.636600494384766,-30.636600494384766,-30.636600494384766,-30.636600494384766,-30.636600494384766,-30.636600494384766,-30.636600494384766,-30.636600494384766,-30.636600494384766,-30.636600494384766,-30.636600494384766,-30.636600494384766,-30.636600494384766,-30.636600494384766,-30.636600494384766,-30.636600494384766,-30.636600494384766,-30.636600494384766,-30.636600494384766,-30.636600494384766,-30.636600494384766,-30.636600494384766,-30.636600494384766,-30.636600494384766,-30.636600494384766,-30.636600494384766,-30.636600494384766,-30.636600494384766,-30.636600494384766,-30.636600494384766,-30.636600494384766,-30.636600494384766,-30.636600494384766,-30.636600494384766,-30.636600494384766,-30.636600494384766,-76.56639862060547,89.31439971923828,-15.541999816894531,-88.8667984008789,91.1438980102539,12.648099899291992,-130.56500244140625,88.18009948730469,32.00279998779297,-89.9927978515625,99.43800354003906,-77.2739028930664,-101.97599792480469,107.14099884033203,-58.89030075073242,-119.0510025024414,100.00900268554688,-25.92020034790039,-127.13999938964844,93.77069854736328,-102.63899993896484,-134.80099487304688,99.88899993896484,-75.78739929199219,-140.24400329589844,93.68939971923828,-38.53419876098633,-167.8730010986328,77.68009948730469,-101.08599853515625,-168.19400024414062,85.99939727783203,-73.53589630126953,-161.41700744628906,84.8646011352539,-45.62480163574219,-201.79800415039062,58.37770080566406,-78.74199676513672,-196.0279998779297,67.24459838867188,-77.3927001953125,-179.06100463867188,73.06179809570312,-48.313899993896484],"inputMax":[61.987098693847656,257.2130126953125,257.2130126953125,257.2130126953125,257.2130126953125,257.2130126953125,257.2130126953125,257.2130126953125,257.2130126953125,257.2130126953125,257.2130126953125,257.2130126953125,257.2130126953125,257.2130126953125,257.2130126953125,257.2130126953125,257.2130126953125,257.2130126953125,257.2130126953125,257.2130126953125,257.2130126953125,257.2130126953125,257.2130126953125,257.2130126953125,257.2130126953125,257.2130126953125,257.2130126953125,257.2130126953125,257.2130126953125,257.2130126953125,257.2130126953125,257.2130126953125,257.2130126953125,257.2130126953125,257.2130126953125,257.2130126953125,257.2130126953125,257.2130126953125,257.2130126953125,257.2130126953125,257.2130126953125,257.2130126953125,257.2130126953125,257.2130126953125,257.2130126953125,38.393001556396484,294.37701416015625,69.7291030883789,64.8904037475586,262.9200134277344,77.76339721679688,104.76599884033203,221.63800048828125,105.13300323486328,90.50859832763672,301.0660095214844,-19.972299575805664,98.14779663085938,292.1929931640625,-3.9803199768066406,105.83200073242188,276.4200134277344,25.728599548339844,134.781005859375,303.8699951171875,-46.01089859008789,135.32400512695312,288.1919860839844,-20.919099807739258,126.9530029296875,260.6730041503906,25.35700035095215,168.71200561523438,291.99798583984375,-36.12229919433594,163.85699462890625,272.53900146484375,-9.518380165100098,147.0050048828125,253.1649932861328,31.103900909423828,192.01499938964844,268.552001953125,-6.2581000328063965,184.76800537109375,257.4360046386719,10.348699569702148,163.14500427246094,258.5889892578125,37.953399658203125],"outputMin":0,"outputMax":1},"meta":{"inputUnits":90,"outputUnits":2,"inputs":{"xDipThumbLeft":{"dtype":"number"},"yDipThumbLeft":{"dtype":"number"},"zDipThumbLeft":{"dtype":"number"},"xPipThumbLeft":{"dtype":"number"},"yPipThumbLeft":{"dtype":"number"},"zPipThumbLeft":{"dtype":"number"},"xMcpThumbLeft":{"dtype":"number"},"yMcpThumbLeft":{"dtype":"number"},"zMcpThumbLeft":{"dtype":"number"},"xDipIndexLeft":{"dtype":"number"},"yDipIndexLeft":{"dtype":"number"},"zDipIndexLeft":{"dtype":"number"},"xPipIndexLeft":{"dtype":"number"},"yPipIndexLeft":{"dtype":"number"},"zPipIndexLeft":{"dtype":"number"},"xMcpIndexLeft":{"dtype":"number"},"yMcpIndexLeft":{"dtype":"number"},"zMcpIndexLeft":{"dtype":"number"},"xDipMiddleLeft":{"dtype":"number"},"yDipMiddleLeft":{"dtype":"number"},"zDipMiddleLeft":{"dtype":"number"},"xPipMiddleLeft":{"dtype":"number"},"yPipMiddleLeft":{"dtype":"number"},"zPipMiddleLeft":{"dtype":"number"},"xMcpMiddleLeft":{"dtype":"number"},"yMcpMiddleLeft":{"dtype":"number"},"zMcpMiddleLeft":{"dtype":"number"},"xDipRingLeft":{"dtype":"number"},"yDipRingLeft":{"dtype":"number"},"zDipRingLeft":{"dtype":"number"},"xPipRingLeft":{"dtype":"number"},"yPipRingLeft":{"dtype":"number"},"zPipRingLeft":{"dtype":"number"},"xMcpRingLeft":{"dtype":"number"},"yMcpRingLeft":{"dtype":"number"},"zMcpRingLeft":{"dtype":"number"},"xDipPinkyLeft":{"dtype":"number"},"yDipPinkyLeft":{"dtype":"number"},"zDipPinkyLeft":{"dtype":"number"},"xPipPinkyLeft":{"dtype":"number"},"yPipPinkyLeft":{"dtype":"number"},"zPipPinkyLeft":{"dtype":"number"},"xMcpPinkyLeft":{"dtype":"number"},"yMcpPinkyLeft":{"dtype":"number"},"zMcpPinkyLeft":{"dtype":"number"},"xDipThumbRight":{"dtype":"number"},"yDipThumbRight":{"dtype":"number"},"zDipThumbRight":{"dtype":"number"},"xPipThumbRight":{"dtype":"number"},"yPipThumbRight":{"dtype":"number"},"zPipThumbRight":{"dtype":"number"},"xMcpThumbRight":{"dtype":"number"},"yMcpThumbRight":{"dtype":"number"},"zMcpThumbRight":{"dtype":"number"},"xDipIndexRight":{"dtype":"number"},"yDipIndexRight":{"dtype":"number"},"zDipIndexRight":{"dtype":"number"},"xPipIndexRight":{"dtype":"number"},"yPipIndexRight":{"dtype":"number"},"zPipIndexRight":{"dtype":"number"},"xMcpIndexRight":{"dtype":"number"},"yMcpIndexRight":{"dtype":"number"},"zMcpIndexRight":{"dtype":"number"},"xDipMiddleRight":{"dtype":"number"},"yDipMiddleRight":{"dtype":"number"},"zDipMiddleRight":{"dtype":"number"},"xPipMiddleRight":{"dtype":"number"},"yPipMiddleRight":{"dtype":"number"},"zPipMiddleRight":{"dtype":"number"},"xMcpMiddleRight":{"dtype":"number"},"yMcpMiddleRight":{"dtype":"number"},"zMcpMiddleRight":{"dtype":"number"},"xDipRingRight":{"dtype":"number"},"yDipRingRight":{"dtype":"number"},"zDipRingRight":{"dtype":"number"},"xPipRingRight":{"dtype":"number"},"yPipRingRight":{"dtype":"number"},"zPipRingRight":{"dtype":"number"},"xMcpRingRight":{"dtype":"number"},"yMcpRingRight":{"dtype":"number"},"zMcpRingRight":{"dtype":"number"},"xDipPinkyRight":{"dtype":"number"},"yDipPinkyRight":{"dtype":"number"},"zDipPinkyRight":{"dtype":"number"},"xPipPinkyRight":{"dtype":"number"},"yPipPinkyRight":{"dtype":"number"},"zPipPinkyRight":{"dtype":"number"},"xMcpPinkyRight":{"dtype":"number"},"yMcpPinkyRight":{"dtype":"number"},"zMcpPinkyRight":{"dtype":"number"}},"outputs":{"label":{"dtype":"string","uniqueValues":["a","ab"],"legend":{"a":[1,0],"ab":[0,1]}}},"isNormalized":true}}